[
    {
        "university": "MTs AR ROHMAN 2 SULANG REMBANG ",
		"logo": "images/logo mts.jpeg",
        "major": "",
        "year": "2017 - 2019",
        "description": "I studied at MTs AR ROHMAN 2 sulang which teaches about religion and other general education."
    },
    {
        "university": "SMA Negeri 1 SUMBER REMBANG",
		"logo": "images/logo sma.jpeg",
        "major": "Science",
        "year": "2019 - 2022",
        "description": "I studied at SMAN 1 Sumber majoring in MIPA which studied physical science, biology, chemistry, mathematics and participated in outdoor activities such as scouting and art."
    },
    {
        "university": "POLITEKNIK NEGERI SEMARANG",
		"logo": "images/polines-logo.png",
        "major": "Diploma of Electrical Engineering",
        "year": "2022 - Present",
        "description": "Currently, I am studying Electrical Engineering at State Polytechnic of Semarang. This program has allowed me to explore various aspects of electronics, programming, and engineering design, preparing me for a career in the tech and innovation industry"
    }
]