[
    {
        "company": "CV PCB EXPRES JOGJA",
		"logo":"images/logo magang.jpeg",
        "position": "Industrial Automation (Otomasi Industri)",
        "year": "August 2024 - December 2024",
        "description": "I completed a four-month internship from September to December 2025 at CV PCB EXPRES JOGJA. During this period, I was actively involved in various tasks related to electronics and engineering. My responsibilities included 3D printing for prototyping purposes, laser-based PCB fabrication, and the design and development of a smart cane as part of an assistive technology project. Additionally, I gained hands-on experience in repairing electronic devices and designing circuit layouts using Proteus software. This internship significantly enhanced my ability to apply theoretical knowledge gained in college to real-world industrial practices."
    },
    {
        "company": "HIMPUNAN MAHASISWA ELEKTRO",
		"logo":"images/foto sertifikat HME.jpeg",
        "position": "Staff Divisi Teknik",
        "year": "2022 - 2023",
        "description": "Contributed to planning and executing technical programs such as workshops, project development, and technical support within the organization. Collaborated with team members to improve technical skills and support events requiring engineering or IT expertise."
    }
]