{
    "name": "Siti Allya Arianti - Electrical Engineering Students",
    "description": "Saya adalah seorang mahasiswa aktif program Diploma 3 Teknik Elektronika di Politeknik Negeri Semarang, yang berkomitmen untuk mengembangkan pengetahuan dan keterampilan dalam bidang teknik listrik. Dengan semangat belajar yang tinggi, saya siap untuk menghadapi tantangan dan mencapai prestasi yang lebih tinggi dalam karier saya di masa depan. Saya siap bekerja keras untuk mencapai kesuksesan bersama, membantu untuk memberikan hasil terbaik.",
    "profileImage": "images/profilku.jpeg",
    "email": "alyaarianti381@gmail.com",
    "phone": "+62 82241077968",
    "socialMedia": [
        {
            "platform": "LinkedIn",
            "url": "https://www.linkedin.com/in/siti-allya-arianti-6b4b5836a"
        },
        {
            "platform": "GitHub",
            "url": "https://github.com/allyaarianti27"
        },
        {
            "platform": "Instagram",
            "url": "https://www.instagram.com/alyaarianti27"
        },

        {
            "platform": "whatsapp",
            "url": "https://wa.me/6282241077968/"
        }
    ],
    "cv": {
			"text": "Download CV",
			"file": "docs/CV allya.pdf",
			"icon": "fas fa-file-pdf"
	},
    "skills": [
        {"name": "Electrical Engineering", "icon": "fas fa-bolt"},
        {"name": "Programming Microcontroller", "icon": "fas fa-microchip"},
        {"name": "Programming PLC", "icon": "fas fa-network-wired"},
        {"name": "Internet of Things", "icon": "fas fa-wifi"},
        {"name": "Hardware Design", "icon": "fas fa-desktop"},
	    {"name": "Mechanical Design", "icon": "fas fa-cogs"},
        {"name": "Web Programming", "icon": "fab fa-js"},
	    {"name": "Foreign Languages", "icon": "fas fa-globe"}
    ]
}
